particle_id,particle_type,process,vx,vy,vz,vt,px,py,pz,m,q
4503599644147712,13,0,0,0,0,0,-0.130853608,-2.24206758,-0.215229332,0.105658367,-1
