particle_id,particle_type,process,vx,vy,vz,vt,px,py,pz,m,q
4503599644147712,13,0,0,0,0,0,1.1237191,-0.305869997,0.20489049,0.105658367,-1
