particle_id,particle_type,process,vx,vy,vz,vt,px,py,pz,m,q
4503599644147712,13,0,0,0,0,0,-0.451851159,-0.291693389,0.9942168,0.105658367,-1
