particle_id,particle_type,process,vx,vy,vz,vt,px,py,pz,m,q
4503599644147712,13,0,0,0,0,0,-0.117110461,-3.81620932,1.65911472,0.105658367,-1
