particle_id,particle_type,process,vx,vy,vz,vt,px,py,pz,m,q
4503599644147712,13,0,0,0,0,0,-1.83593988,4.14338636,3.45746779,0.105658367,-1
