particle_id,particle_type,process,vx,vy,vz,vt,px,py,pz,m,q
4503599644147712,13,0,0,0,0,0,-3.70002699,2.48141599,0.931727707,0.105658367,-1
