particle_id,particle_type,process,vx,vy,vz,vt,px,py,pz,m,q
4503599644147712,13,0,0,0,0,0,3.61988449,-4.84541655,3.93067646,0.105658367,-1
