particle_id,particle_type,process,vx,vy,vz,vt,px,py,pz,m,q
4503599644147712,13,0,0,0,0,0,-5.79007053,4.27205467,-0.61230886,0.105658367,-1
