particle_id,particle_type,process,vx,vy,vz,vt,px,py,pz,m,q
4503599644147712,13,0,0,0,0,0,5.86473513,0.366373837,-1.48800337,0.105658367,-1
