particle_id,particle_type,process,vx,vy,vz,vt,px,py,pz,m,q
4503599644147712,13,0,0,0,0,0,-1.45752656,-0.2345061,1.14620757,0.105658367,-1
