particle_id,particle_type,process,vx,vy,vz,vt,px,py,pz,m,q
4503599644147712,13,0,0,0,0,0,0.911305904,2.59938955,-0.903731525,0.105658367,-1
