particle_id,particle_type,process,vx,vy,vz,vt,px,py,pz,m,q
4503599644147712,13,0,0,0,0,0,6.40401649,-2.90390706,-2.88720536,0.105658367,-1
