particle_id,particle_type,process,vx,vy,vz,vt,px,py,pz,m,q
4503599644147712,13,0,0,0,0,0,-2.12914944,-1.60504317,1.33506358,0.105658367,-1
