particle_id,particle_type,process,vx,vy,vz,vt,px,py,pz,m,q
4503599644147712,13,0,0,0,0,0,0.597672939,-1.69351447,1.46598172,0.105658367,-1
