particle_id,particle_type,process,vx,vy,vz,vt,px,py,pz,m,q
4503599644147712,13,0,0,0,0,0,-2.92950869,6.2933259,-2.79430962,0.105658367,-1
