particle_id,particle_type,process,vx,vy,vz,vt,px,py,pz,m,q
4503599644147712,13,0,0,0,0,0,-0.388112396,0.676906407,2.72240806,0.105658367,-1
