particle_id,particle_type,process,vx,vy,vz,vt,px,py,pz,m,q
4503599644147712,13,0,0,0,0,0,-3.95490098,0.846977651,4.59452248,0.105658367,-1
