particle_id,particle_type,process,vx,vy,vz,vt,px,py,pz,m,q
4503599644147712,13,0,0,0,0,0,-2.20658326,1.88001394,-6.82119894,0.105658367,-1
