particle_id,particle_type,process,vx,vy,vz,vt,px,py,pz,m,q
4503599644147712,13,0,0,0,0,0,-5.55271816,0.348461539,0.414785355,0.105658367,-1
