particle_id,particle_type,process,vx,vy,vz,vt,px,py,pz,m,q
4503599644147712,13,0,0,0,0,0,-3.8516984,3.12678552,1.12313867,0.105658367,-1
