particle_id,particle_type,process,vx,vy,vz,vt,px,py,pz,m,q
4503599644147712,13,0,0,0,0,0,2.33059216,-4.86135817,1.02306938,0.105658367,-1
