particle_id,particle_type,process,vx,vy,vz,vt,px,py,pz,m,q
4503599644147712,13,0,0,0,0,0,-3.21727705,-5.95006895,0.517298698,0.105658367,-1
