particle_id,particle_type,process,vx,vy,vz,vt,px,py,pz,m,q
4503599644147712,13,0,0,0,0,0,-8.4628191,2.89553475,-1.94201005,0.105658367,-1
