particle_id,particle_type,process,vx,vy,vz,vt,px,py,pz,m,q
4503599644147712,13,0,0,0,0,0,0.681310236,1.5684911,-0.680095136,0.105658367,-1
