particle_id,particle_type,process,vx,vy,vz,vt,px,py,pz,m,q
4503599644147712,13,0,0,0,0,0,-1.23359156,6.0926199,-3.63366508,0.105658367,-1
