particle_id,particle_type,process,vx,vy,vz,vt,px,py,pz,m,q
4503599644147712,13,0,0,0,0,0,4.95825386,5.80511808,-1.8114692,0.105658367,-1
