particle_id,particle_type,process,vx,vy,vz,vt,px,py,pz,m,q
4503599644147712,13,0,0,0,0,0,4.42164516,3.74915195,-0.0766050443,0.105658367,-1
