particle_id,particle_type,process,vx,vy,vz,vt,px,py,pz,m,q
4503599644147712,13,0,0,0,0,0,2.35873199,-0.0765983239,0.727551699,0.105658367,-1
