particle_id,particle_type,process,vx,vy,vz,vt,px,py,pz,m,q
4503599644147712,13,0,0,0,0,0,-1.08128178,-7.7999835,3.37897038,0.105658367,-1
