particle_id,particle_type,process,vx,vy,vz,vt,px,py,pz,m,q
4503599644147712,13,0,0,0,0,0,4.75750589,-5.21377087,-3.04182863,0.105658367,-1
