particle_id,particle_type,process,vx,vy,vz,vt,px,py,pz,m,q
4503599644147712,13,0,0,0,0,0,-3.59085178,7.55740499,-1.87307239,0.105658367,-1
