particle_id,particle_type,process,vx,vy,vz,vt,px,py,pz,m,q
4503599644147712,13,0,0,0,0,0,2.91074896,-5.75451136,-3.51248693,0.105658367,-1
