particle_id,particle_type,process,vx,vy,vz,vt,px,py,pz,m,q
4503599644147712,13,0,0,0,0,0,-4.92192459,5.40718651,-2.77944469,0.105658367,-1
