particle_id,particle_type,process,vx,vy,vz,vt,px,py,pz,m,q
4503599644147712,13,0,0,0,0,0,0.206659019,4.88592005,-0.181967273,0.105658367,-1
