particle_id,particle_type,process,vx,vy,vz,vt,px,py,pz,m,q
4503599644147712,13,0,0,0,0,0,-3.37907267,-7.75476742,-2.42091012,0.105658367,-1
