particle_id,particle_type,process,vx,vy,vz,vt,px,py,pz,m,q
4503599644147712,13,0,0,0,0,0,2.1909194,1.17764604,-1.46335006,0.105658367,-1
