particle_id,particle_type,process,vx,vy,vz,vt,px,py,pz,m,q
4503599644147712,13,0,0,0,0,0,7.12127209,2.70769072,-2.66381693,0.105658367,-1
