particle_id,particle_type,process,vx,vy,vz,vt,px,py,pz,m,q
4503599644147712,13,0,0,0,0,0,-0.947465837,-7.82204294,-0.297355592,0.105658367,-1
