particle_id,particle_type,process,vx,vy,vz,vt,px,py,pz,m,q
4503599644147712,13,0,0,0,0,0,-1.51861763,6.34936047,2.76901007,0.105658367,-1
