particle_id,particle_type,process,vx,vy,vz,vt,px,py,pz,m,q
4503599644147712,13,0,0,0,0,0,-0.757826328,-8.14646816,-3.39041305,0.105658367,-1
