particle_id,particle_type,process,vx,vy,vz,vt,px,py,pz,m,q
4503599644147712,13,0,0,0,0,0,-1.92312336,-1.10696614,-2.95818472,0.105658367,-1
