particle_id,particle_type,process,vx,vy,vz,vt,px,py,pz,m,q
4503599644147712,13,0,0,0,0,0,-2.21013403,-1.01560545,-0.217287958,0.105658367,-1
