particle_id,particle_type,process,vx,vy,vz,vt,px,py,pz,m,q
4503599644147712,13,0,0,0,0,0,2.33737326,3.4796586,-1.71795177,0.105658367,-1
