particle_id,particle_type,process,vx,vy,vz,vt,px,py,pz,m,q
4503599644147712,13,0,0,0,0,0,-0.916775346,-0.716000974,0.231954247,0.105658367,-1
