particle_id,particle_type,process,vx,vy,vz,vt,px,py,pz,m,q
4503599644147712,13,0,0,0,0,0,0.19966951,-0.382012784,-0.961122811,0.105658367,-1
