particle_id,particle_type,process,vx,vy,vz,vt,px,py,pz,m,q
4503599644147712,13,0,0,0,0,0,0.715297937,-0.23923637,-1.0080837,0.105658367,-1
