particle_id,particle_type,process,vx,vy,vz,vt,px,py,pz,m,q
4503599644147712,13,0,0,0,0,0,-2.81595516,-0.816695273,0.287821949,0.105658367,-1
