particle_id,particle_type,process,vx,vy,vz,vt,px,py,pz,m,q
4503599644147712,13,0,0,0,0,0,0.561906159,0.333049864,1.68635869,0.105658367,-1
