particle_id,particle_type,process,vx,vy,vz,vt,px,py,pz,m,q
4503599644147712,13,0,0,0,0,0,3.60959363,-5.64147091,-1.2118659,0.105658367,-1
