particle_id,particle_type,process,vx,vy,vz,vt,px,py,pz,m,q
4503599644147712,13,0,0,0,0,0,-1.0268836,0.982535243,0.495723337,0.105658367,-1
