particle_id,particle_type,process,vx,vy,vz,vt,px,py,pz,m,q
4503599644147712,13,0,0,0,0,0,-1.76812589,6.95798349,-5.56226969,0.105658367,-1
