particle_id,particle_type,process,vx,vy,vz,vt,px,py,pz,m,q
4503599644147712,13,0,0,0,0,0,4.29185867,-4.7931304,-4.45622969,0.105658367,-1
