particle_id,particle_type,process,vx,vy,vz,vt,px,py,pz,m,q
4503599644147712,13,0,0,0,0,0,0.424717695,1.80254245,-1.541538,0.105658367,-1
