particle_id,particle_type,process,vx,vy,vz,vt,px,py,pz,m,q
4503599644147712,13,0,0,0,0,0,-0.854603291,-1.67733324,-1.78817058,0.105658367,-1
