particle_id,particle_type,process,vx,vy,vz,vt,px,py,pz,m,q
4503599644147712,13,0,0,0,0,0,0.144175708,1.19020486,-1.33153605,0.105658367,-1
