particle_id,particle_type,process,vx,vy,vz,vt,px,py,pz,m,q
4503599644147712,13,0,0,0,0,0,1.98639953,0.406591982,-1.35450864,0.105658367,-1
