particle_id,particle_type,process,vx,vy,vz,vt,px,py,pz,m,q
4503599644147712,13,0,0,0,0,0,-1.94548559,0.595336318,2.55104804,0.105658367,-1
