particle_id,particle_type,process,vx,vy,vz,vt,px,py,pz,m,q
4503599644147712,13,0,0,0,0,0,1.92949164,-2.66130209,-3.27825332,0.105658367,-1
