particle_id,particle_type,process,vx,vy,vz,vt,px,py,pz,m,q
4503599644147712,13,0,0,0,0,0,0.854511559,0.993294299,0.783227921,0.105658367,-1
