particle_id,particle_type,process,vx,vy,vz,vt,px,py,pz,m,q
4503599644147712,13,0,0,0,0,0,-3.84770632,7.86918116,-3.23917937,0.105658367,-1
