particle_id,particle_type,process,vx,vy,vz,vt,px,py,pz,m,q
4503599644147712,13,0,0,0,0,0,0.340375692,8.26969242,-4.44622278,0.105658367,-1
