particle_id,particle_type,process,vx,vy,vz,vt,px,py,pz,m,q
4503599644147712,13,0,0,0,0,0,0.240822196,2.42456126,4.42756128,0.105658367,-1
