particle_id,particle_type,process,vx,vy,vz,vt,px,py,pz,m,q
4503599644147712,13,0,0,0,0,0,0.309072047,-3.74913335,-2.27514243,0.105658367,-1
