particle_id,particle_type,process,vx,vy,vz,vt,px,py,pz,m,q
4503599644147712,13,0,0,0,0,0,0.0904351324,-0.7611292,-1.88716555,0.105658367,-1
