particle_id,particle_type,process,vx,vy,vz,vt,px,py,pz,m,q
4503599644147712,13,0,0,0,0,0,-3.59242034,-1.53779113,2.12140775,0.105658367,-1
