particle_id,particle_type,process,vx,vy,vz,vt,px,py,pz,m,q
4503599644147712,13,0,0,0,0,0,3.89243555,5.08486509,-3.3700726,0.105658367,-1
