particle_id,particle_type,process,vx,vy,vz,vt,px,py,pz,m,q
4503599644147712,13,0,0,0,0,0,5.8798418,-5.99706936,-2.6587975,0.105658367,-1
