particle_id,particle_type,process,vx,vy,vz,vt,px,py,pz,m,q
4503599644147712,13,0,0,0,0,0,2.42052484,6.12816811,-5.77640581,0.105658367,-1
