particle_id,particle_type,process,vx,vy,vz,vt,px,py,pz,m,q
4503599644147712,13,0,0,0,0,0,-0.0278596412,4.07545137,-1.91796851,0.105658367,-1
