particle_id,particle_type,process,vx,vy,vz,vt,px,py,pz,m,q
4503599644147712,13,0,0,0,0,0,-6.37051058,2.24992371,3.14222193,0.105658367,-1
