particle_id,particle_type,process,vx,vy,vz,vt,px,py,pz,m,q
4503599644147712,13,0,0,0,0,0,-0.0906684771,3.56697822,-6.12229395,0.105658367,-1
