particle_id,particle_type,process,vx,vy,vz,vt,px,py,pz,m,q
4503599644147712,13,0,0,0,0,0,1.22865307,-2.88305974,2.29988098,0.105658367,-1
