particle_id,particle_type,process,vx,vy,vz,vt,px,py,pz,m,q
4503599644147712,13,0,0,0,0,0,-0.9314605,-0.802065969,2.0091393,0.105658367,-1
