particle_id,particle_type,process,vx,vy,vz,vt,px,py,pz,m,q
4503599644147712,13,0,0,0,0,0,-0.154019997,2.05986285,0.506918252,0.105658367,-1
