particle_id,particle_type,process,vx,vy,vz,vt,px,py,pz,m,q
4503599644147712,13,0,0,0,0,0,3.97223496,2.98260021,-8.62720108,0.105658367,-1
