particle_id,particle_type,process,vx,vy,vz,vt,px,py,pz,m,q
4503599644147712,13,0,0,0,0,0,3.13684487,-2.24820495,-2.18728542,0.105658367,-1
