particle_id,particle_type,process,vx,vy,vz,vt,px,py,pz,m,q
4503599644147712,13,0,0,0,0,0,-1.47641897,-0.942472875,-0.479584783,0.105658367,-1
