particle_id,particle_type,process,vx,vy,vz,vt,px,py,pz,m,q
4503599644147712,13,0,0,0,0,0,-0.50584054,6.55076122,-0.5495767,0.105658367,-1
