particle_id,particle_type,process,vx,vy,vz,vt,px,py,pz,m,q
4503599644147712,13,0,0,0,0,0,-0.872291744,6.13758183,6.35795069,0.105658367,-1
