particle_id,particle_type,process,vx,vy,vz,vt,px,py,pz,m,q
4503599644147712,13,0,0,0,0,0,2.76716614,-8.99091816,-1.64386511,0.105658367,-1
