particle_id,particle_type,process,vx,vy,vz,vt,px,py,pz,m,q
4503599644147712,13,0,0,0,0,0,0.192997873,-3.38010955,-2.39541769,0.105658367,-1
