particle_id,particle_type,process,vx,vy,vz,vt,px,py,pz,m,q
4503599644147712,13,0,0,0,0,0,-0.543198526,-1.43488145,1.53522015,0.105658367,-1
