particle_id,particle_type,process,vx,vy,vz,vt,px,py,pz,m,q
4503599644147712,13,0,0,0,0,0,-2.88111806,2.28870058,0.33975631,0.105658367,-1
