particle_id,particle_type,process,vx,vy,vz,vt,px,py,pz,m,q
4503599644147712,13,0,0,0,0,0,6.57048893,1.62175965,-0.880249798,0.105658367,-1
