particle_id,particle_type,process,vx,vy,vz,vt,px,py,pz,m,q
4503599644147712,13,0,0,0,0,0,-0.121721163,-1.2295289,3.83212447,0.105658367,-1
