particle_id,particle_type,process,vx,vy,vz,vt,px,py,pz,m,q
4503599644147712,13,0,0,0,0,0,-0.453385472,1.09315169,1.72557008,0.105658367,-1
