particle_id,particle_type,process,vx,vy,vz,vt,px,py,pz,m,q
4503599644147712,13,0,0,0,0,0,0.997845113,0.859687686,1.51274276,0.105658367,-1
4503599660924928,13,0,0,0,0,0,0.991286993,2.50808525,2.35283399,0.105658367,-1
4503599677702144,13,0,0,0,0,0,3.31231022,1.34503245,0.980856478,0.105658367,-1
4503599694479360,13,0,0,0,0,0,0.145635411,1.39322186,-0.989009678,0.105658367,-1
