particle_id,particle_type,process,vx,vy,vz,vt,px,py,pz,m,q
4503599644147712,13,0,0,0,0,0,1.27014983,1.08096755,1.01642263,0.105658367,-1
