particle_id,particle_type,process,vx,vy,vz,vt,px,py,pz,m,q
4503599644147712,13,0,0,0,0,0,-4.29372168,-0.653831661,-3.31041789,0.105658367,-1
