particle_id,particle_type,process,vx,vy,vz,vt,px,py,pz,m,q
4503599644147712,13,0,0,0,0,0,-1.17987967,1.35729051,-7.47275448,0.105658367,-1
