particle_id,particle_type,process,vx,vy,vz,vt,px,py,pz,m,q
4503599644147712,13,0,0,0,0,0,-5.03723145,0.382888407,-5.38800955,0.105658367,-1
