particle_id,particle_type,process,vx,vy,vz,vt,px,py,pz,m,q
4503599644147712,13,0,0,0,0,0,0.690050006,-1.1439507,-2.40159249,0.105658367,-1
