particle_id,particle_type,process,vx,vy,vz,vt,px,py,pz,m,q
4503599644147712,13,0,0,0,0,0,-2.61082292,-1.41480231,0.514216304,0.105658367,-1
