particle_id,particle_type,process,vx,vy,vz,vt,px,py,pz,m,q
4503599644147712,13,0,0,0,0,0,2.30998278,0.543704212,0.21856989,0.105658367,-1
